{
  "model": "LR",
  "condition": "SMOTE",
  "PR-AUC": 0.7222061819027399,
  "ROC-AUC": 0.974291506839089,
  "F1": 0.7592592592592593,
  "Recall": 0.8367346938775511,
  "Precision": 0.6949152542372882,
  "Threshold": 0.9967880179231202
}