{
  "model": "LR",
  "condition": "SMOTE-ENN",
  "PR-AUC": 0.7233634174640282,
  "ROC-AUC": 0.9744757990421831,
  "F1": 0.7649769585253456,
  "Recall": 0.8469387755102041,
  "Precision": 0.6974789915966386,
  "Threshold": 0.9967290160368086
}