model,condition,fold,PR-AUC,ROC-AUC,F1,Recall,Precision,threshold
LR,Class-weighting,0,0.672341,0.980388,0.777096,0.772358,0.781893,0.999969
LR,Class-weighting,1,0.75187,0.978184,0.786177,0.739837,0.83871,0.999595
