model,condition,fold,PR-AUC,ROC-AUC,F1,Recall,Precision,threshold
LR,Class-weighting,0,0.670352,0.98045,0.777096,0.772358,0.781893,0.999972
LR,Class-weighting,1,0.739398,0.980102,0.762677,0.764228,0.761134,0.987781
